model;pk
erp.services;4431
erp.services;468451
erp.services;8974
erp.services;73806
erp.services;928647
erp.services;658865
erp.services;535242
erp.services;8795
erp.services;9831
erp.services;499811
erp.services;8819
erp.services;10483
erp.services;460069
erp.services;306278
erp.services;363748
erp.services;9778
erp.services;445
erp.services;414501
erp.services;335107
erp.services;210039
erp.services;335445
erp.services;9995
erp.services;97385
erp.services;9060
erp.services;785894
erp.services;235548
erp.services;9833
erp.services;901273
erp.services;2069
erp.services;367049
erp.services;6355
erp.services;221969
erp.services;7693
erp.services;331789
erp.services;333151
erp.services;56734
erp.services;904715
erp.services;647
erp.services;1685
erp.services;8612
erp.services;10004
erp.services;460427
erp.services;340
erp.services;1480
erp.services;304204
erp.services;681322
erp.services;939458
erp.services;5691
erp.services;562488
erp.services;748261
erp.services;3967
erp.services;3078
erp.services;10614
erp.services;939498
erp.services;966604
erp.services;9830
erp.services;10433
erp.services;431479
erp.services;129678
erp.services;200113
erp.services;414808
erp.services;845152
erp.services;207
erp.services;1618
erp.services;499055
erp.services;118372
erp.services;1159
erp.services;895553
erp.services;981654
erp.services;216781
erp.services;9064
erp.services;851394
erp.services;239164
erp.services;442
erp.services;944295
erp.services;344882
erp.services;5573
erp.services;804747
erp.services;544014
erp.services;710418
erp.services;3261
erp.services;10381
erp.services;139438
erp.services;789912
erp.services;276165
erp.services;9723
erp.services;899296
erp.services;538557
erp.services;721346
erp.services;483293
erp.services;565863
erp.services;137375
erp.services;901023
erp.services;172558
erp.services;8746
erp.services;8491
erp.services;420293
erp.services;485327
erp.services;1849
erp.services;872
erp.services;9875
erp.services;24063
erp.services;10280
erp.services;852122
erp.services;594303
erp.services;336928
erp.services;682648
erp.services;75433
erp.services;69341
erp.services;259061
erp.services;5029
erp.services;570231
erp.services;6190
erp.services;234452
erp.services;202096
erp.services;955349
erp.services;568592
erp.services;282499
erp.services;157138
erp.services;786
erp.services;855
erp.services;10470
erp.services;542078
erp.services;141286
erp.services;758572
erp.services;568982
erp.services;640278
erp.services;450004
erp.services;6527
erp.services;6528
erp.services;326915
erp.services;696285
erp.services;10556
erp.services;154701
erp.services;420702
erp.services;1741
erp.services;744592
erp.services;592709
erp.services;797687
erp.services;9583
erp.services;7810
erp.services;991698
erp.services;8285
erp.services;774076
erp.services;823
erp.services;287519
erp.services;2760
erp.services;477264
erp.services;866232
erp.services;64
erp.services;626122
erp.services;327302
erp.services;9466
erp.services;894
erp.services;8566
erp.services;5050
erp.services;109876
erp.services;161261
erp.services;641155
erp.services;9767
erp.services;2271
erp.services;10078
erp.services;278411
erp.services;5817
erp.services;957729
erp.services;64213
erp.services;369204
erp.services;6104
erp.services;4832
erp.services;103686
erp.services;643067
erp.services;771684
erp.services;6702
erp.services;452266
erp.services;9275
erp.services;797366
erp.services;9088
erp.services;9832
erp.services;536881
erp.services;443113
erp.services;8538
erp.services;8185
erp.services;622
erp.services;455818
erp.services;9567
erp.services;68263
erp.services;237968
erp.services;9590
erp.services;8005
erp.services;7430
erp.services;357457
erp.services;9899
erp.services;618744
erp.services;746651
erp.services;4500
erp.services;112023
erp.services;441
erp.services;10701
erp.services;274118
erp.services;10077
erp.services;9253
erp.services;9313
erp.services;10187
erp.services;826243
erp.services;572564
erp.services;101725
erp.services;704335
erp.services;698735
erp.services;729424
erp.services;616712
erp.services;787527
erp.services;3836
erp.services;227177
erp.services;158324
erp.services;960945
erp.services;10351
erp.services;2952
erp.services;7944
erp.services;10627
erp.services;793593
erp.services;43958
erp.services;2126
erp.services;203175
erp.services;5083
erp.services;296254
erp.services;9922
erp.services;332429
erp.services;632898
erp.services;231661
erp.services;642149
erp.services;2153
erp.services;356363
erp.services;579242
erp.services;263516
erp.services;843172
erp.services;841427
erp.services;8935
erp.services;67458
erp.services;809404
erp.services;704488
erp.services;509423
erp.services;616204
erp.services;889729
erp.services;4594
erp.services;88789
erp.services;689741
erp.services;5482
erp.services;875566
erp.services;406985
erp.services;525425
erp.services;925651
erp.services;645087
erp.services;198315
erp.services;5628
erp.services;10589
erp.services;7842
erp.services;733227
erp.services;607236
erp.services;492701
erp.services;596408
erp.services;28
erp.services;760137
erp.services;459513
erp.services;883669
erp.services;715686
erp.services;115714
erp.services;225786
erp.services;1609
erp.services;268447
erp.services;147595
erp.services;980834
erp.services;8290
erp.services;791357
erp.services;306833
erp.services;627642
erp.services;7170
erp.services;4713
erp.services;7553
erp.services;523109
erp.services;10401
erp.services;10325
erp.services;10628
erp.services;441808
erp.services;3121
erp.services;841897
erp.services;10413
erp.services;10585
erp.services;185789
erp.services;5539
erp.services;8562
erp.services;30988
erp.services;298016
erp.services;810066
erp.services;6254
erp.services;634587
erp.services;10543
erp.services;569672
erp.services;385062
erp.services;448642
erp.services;10200
erp.services;762504
erp.services;881318
erp.services;4218
erp.services;5636
erp.services;718793
erp.services;823551
erp.services;746805
erp.services;928786
erp.services;162768
erp.services;991007
erp.services;39723
erp.services;804597
erp.services;207335
erp.services;2085
erp.services;763265
erp.services;932475
erp.services;96
erp.services;222532
erp.services;904554
erp.services;966166
erp.services;1109
erp.services;166484
erp.services;525998
erp.services;48342
erp.services;6401
erp.services;897925
erp.services;985164
erp.services;564014
erp.services;842249
erp.services;187856
erp.services;560666
erp.services;171924
erp.services;382719
erp.services;110568
erp.services;691
erp.services;759747
erp.services;857761
erp.services;901429
erp.services;843828
erp.services;790779
erp.services;438452
erp.services;583927
erp.services;478212
erp.services;595755
erp.services;707
erp.services;9725
erp.services;6840
erp.services;491595
erp.services;9836
erp.services;1096
erp.services;180159
erp.services;8843
erp.services;409231
erp.services;989909
erp.services;5264
erp.services;898947
erp.services;179342
erp.services;4425
erp.services;458492
erp.services;147068
erp.services;8820
erp.services;10451
erp.services;184373
erp.services;10357
erp.services;589946
erp.services;982154
erp.services;942534
erp.services;10429
erp.services;569796
erp.services;506877
erp.services;170
erp.services;7963
erp.services;5961
erp.services;2747
erp.services;708534
erp.services;683585
erp.services;10590
erp.services;7513
erp.services;3369
erp.services;927979
erp.services;75611
erp.services;606048
erp.services;9454
erp.services;9603
erp.services;680561
erp.services;294584
erp.services;544994
erp.services;585442
erp.services;2713
erp.services;5102
erp.services;791464
erp.services;952818
erp.services;162977
erp.services;8539
erp.services;729667
erp.services;604805
erp.services;9373
erp.services;9658
erp.services;177998
erp.services;211606
erp.services;241302
erp.services;102445
erp.services;5483
erp.services;96638
erp.services;779579
erp.services;294109
erp.services;4318
erp.services;7123
erp.services;10428
erp.services;4219
erp.services;941422
erp.services;297596
erp.services;895215
erp.services;315423
erp.services;835842
erp.services;891822
erp.services;907289
erp.services;26585
erp.services;8095
erp.services;708601
erp.services;842391
erp.services;452806
erp.services;819328
erp.services;497832
erp.services;806534
erp.services;60874
erp.services;768869
erp.services;172432
erp.services;186698
erp.services;710
erp.services;8073
erp.services;753992
erp.services;260666
erp.services;10361
erp.services;412162
erp.services;107702
erp.services;343719
erp.services;77704
erp.services;3248
erp.services;9845
erp.services;9464
erp.services;233685
erp.services;286492
erp.services;10644
erp.services;289468
erp.services;9623
erp.services;175992
erp.services;2050
erp.services;385452
erp.services;977749
erp.services;239126
erp.services;35582
erp.services;43056
erp.services;222826
erp.services;8365
erp.services;7383
erp.services;828267
erp.services;183076
erp.services;3628
erp.services;407606
erp.services;9419
erp.services;266841
erp.services;49709
erp.services;690697
erp.services;946846
erp.services;586148
erp.services;952113
erp.services;399711
erp.services;964469
erp.services;9044
erp.services;9276
erp.services;30437
erp.services;558409
erp.services;67415
erp.services;774543
erp.services;506153
erp.services;262062
erp.services;6508
erp.services;303
erp.services;784338
erp.services;20378
erp.services;882327
erp.services;70413
erp.services;9516
erp.services;7143
erp.services;513
erp.services;825693
erp.services;8754
erp.services;10466
erp.services;491542
erp.services;416879
erp.services;932997
erp.services;919225
erp.services;997214
erp.services;348172
erp.services;789134
erp.services;278831
erp.services;7319
erp.services;770797
erp.services;935967
erp.services;202341
erp.services;85701
erp.services;8565
erp.services;10448
erp.services;924049
erp.services;10311
erp.services;912472
erp.services;828
erp.services;4772
erp.services;183899
erp.services;398828
erp.services;9607
erp.services;454507
erp.services;7644
erp.services;264984
erp.services;3387
erp.services;655178
erp.services;982142
erp.services;19963
erp.services;737199
erp.services;10183
erp.services;724276
erp.services;330934
erp.services;752119
erp.services;3567
erp.services;502492
erp.services;196445
erp.services;376639
erp.services;642301
erp.services;8872
erp.services;291052
erp.services;284304
erp.services;10213
erp.services;703592
erp.services;8641
erp.services;113619
erp.services;969885
erp.services;3790
erp.services;4039
erp.services;57449
erp.services;333757
erp.services;8829
erp.services;879494
erp.services;5519
erp.services;853739
erp.services;79552
erp.services;7242
erp.services;7082
erp.services;353419
erp.services;902264
erp.services;10309
erp.services;7231
erp.services;31433
erp.services;8488
erp.services;983534
erp.services;666063
erp.services;698775
erp.services;485711
erp.services;273048
erp.services;2717
erp.services;10278
erp.services;664
erp.services;7698
erp.services;905327
erp.services;7495
erp.services;8920
erp.services;153764
erp.services;735362
erp.services;697316
erp.services;567624
erp.services;453351
erp.services;531308
erp.services;8702
erp.services;417127
erp.services;786062
erp.services;192307
erp.services;694109
erp.services;2416
erp.services;803816
erp.services;450706
erp.services;272167
erp.services;480696
erp.services;546019
erp.services;9153
erp.services;297359
erp.services;815027
erp.services;2524
erp.services;790893
erp.services;10665
erp.services;860135
erp.services;865831
erp.services;5340
erp.services;557501
erp.services;866817
erp.services;429412
erp.services;6797
erp.services;24976
erp.services;370917
erp.services;76273
erp.services;7880
erp.services;8360
erp.services;994907
erp.services;8192
erp.services;7913
erp.services;1379
erp.services;3152
erp.services;604323
erp.services;407028
erp.services;943767
erp.services;752955
erp.services;7578
erp.services;583359
erp.services;313191
erp.services;7249
erp.services;337787
erp.services;9339
erp.services;5364
erp.services;25697
erp.services;8997
erp.services;8998
erp.services;9002
erp.services;9003
erp.services;209699
erp.services;10358
erp.services;8996
erp.services;9001
erp.services;8999
erp.services;10305
erp.services;552496
erp.services;668283
erp.services;10081
erp.services;766099
erp.services;369907
erp.services;9705
erp.services;8533
erp.services;512395
erp.services;861002
erp.services;717226
erp.services;564075
erp.services;281407
erp.services;167335
erp.services;12155
erp.services;463548
erp.services;52754
erp.services;824844
erp.services;5091
erp.services;492457
erp.services;799783
erp.services;89719
erp.services;513002
erp.services;429886
erp.services;153209
erp.services;9426
erp.services;430554
erp.services;325
erp.services;8271
erp.services;513767
erp.services;10198
erp.services;875368
erp.services;820107
erp.services;773993
erp.services;10432
erp.services;559188
erp.services;765722
erp.services;2991
erp.services;610093
erp.services;501041
erp.services;592842
erp.services;73753
erp.services;624693
erp.services;1132
erp.services;10412
erp.services;95902
erp.services;835597
erp.services;8388
erp.services;907321
erp.services;563022
erp.services;914423
erp.services;737818
erp.services;556631
erp.services;2282
erp.services;4019
erp.services;486749
erp.services;953973
erp.services;239589
erp.services;302611
erp.services;48646
erp.services;9155
erp.services;8972
erp.services;140327
erp.services;237933
erp.services;201235
erp.services;821387
erp.services;382463
erp.services;710239
erp.services;89531
erp.services;239841
erp.services;2835
erp.services;10667
erp.services;4114
erp.services;10551
erp.services;347276
erp.services;7479
erp.services;9988
erp.services;319897
erp.services;83596
erp.services;261258
erp.services;503113
